{
  "frequencies": [
    20.0,
    25.178508,
    31.697864,
    39.905246,
    50.237729,
    63.245553,
    79.621434,
    100.237447,
    126.191469,
    158.865647,
    200.0,
    251.785082,
    316.978638,
    399.052463,
    502.377286,
    632.455532,
    796.214341,
    1002.374467,
    1261.914689,
    1588.656469,
    2000.0,
    2517.850824,
    3169.786385,
    3990.52463,
    5023.772863,
    6324.55532,
    7962.143411,
    10023.744673,
    12619.14689,
    15886.564694,
    20000.0
  ],
  "ratio": [
    1.0072352184223656,
    0.9987846742283348,
    1.0115680981222046,
    1.0082268194978226,
    1.0009496149089485,
    1.0030796322072204,
    1.0021933574215875,
    0.9966183239311887,
    1.0025579347517697,
    1.0018655202759712,
    1.0019730750148619,
    1.0033346664783764,
    1.004057973878845,
    1.0034486432727916,
    1.0048403086145699,
    1.0047112750799236,
    1.003733626167537,
    1.0037199779975852,
    1.0037558671850597,
    1.004512954348674,
    1.0038245870742994,
    1.004766438220835,
    1.0042326164157185,
    1.00458734762322,
    1.005262952047461,
    1.0048918107906997,
    1.005323610404181,
    1.0068143860942336,
    1.005854813409539,
    1.0061952748541092,
    1.0072065633950382
  ]
}
