freq_hz,metric
20.0,1.4348992109
120.0,3.006639719
220.0,2.7789988518
320.0,3.1828305721
420.0,3.3664486408
520.0,3.5931279659
620.0,3.6204586029
